faithfulness,answer_relevancy,context_precision,context_recall
,0.9999999999999998,,
,0.9655653436709777,,
,0.9987792545724777,,
,0.9455993969138269,0.5833333333041666,
,0.9614739681656195,,
,0.9627421519458115,0.999999999975,1.0
0.875,1.0000000000000002,0.999999999975,0.0
